{
  "transactions": [
    {
      "id": "txn_001",
      "type": "credit",
      "amount": 5000,
      "date": "2025-10-01",
      "desc": "Salary"
    },
    {
      "id": "txn_002",
      "type": "debit",
      "amount": 1200,
      "date": "2025-10-05",
      "desc": "Electricity Bill"
    },
    {
      "id": "txn_003",
      "type": "debit",
      "amount": 300,
      "date": "2025-10-07",
      "desc": "UPI Payment"
    }
  ],
  "beneficiaries": [
    {
      "id": "ben_001",
      "name": "Ravi Kumar",
      "account": "1234567890",
      "ifsc": "ABCD0123456"
    },
    {
      "id": "ben_002",
      "name": "Sita Devi",
      "account": "0987654321",
      "ifsc": "WXYZ0987654"
    }
  ]
}